"OTU","Genus","Phylum","p_value","p_adj_BH","X150.184.","Below.50.","X50.99.","X100.124.","X125.149.","X185.199.","X200..and.Over","in_top_panel"
"RSV_genus35","Actinomyces","Actinobacteria",0.053046122833745,0.0953701570096053,0.0257722641022364,0.0282030723936545,0.0261678789929623,0.0257796593029586,0.0267527876858407,0.0245531375814978,0.0274001588472058,FALSE
"RSV_genus38","Mobiluncus","Actinobacteria",0.299726540370494,0.395732697832917,5.19032747603834e-05,4.96118166862515e-05,3.41327683941139e-05,3.4561801183432e-05,3.57227064896755e-05,2.46103656387665e-05,3.84910589483613e-05,FALSE
"RSV_genus43","Aeriscardovia","Actinobacteria",2.45615014434279e-16,1.97661606854253e-15,1.87373785942492e-05,5.09582444183314e-05,3.81709673704415e-05,5.40913585798817e-05,4.06088997050147e-05,2.85235242290749e-06,5.79396628153737e-06,FALSE
"RSV_genus44","Alloscardovia","Actinobacteria",0.070558535501732,0.124212421872841,0.000289031292332268,0.00032262476733255,0.000366374067178503,0.000297376771597633,0.000265706458702065,0.000237538775330397,0.000344579804998821,FALSE
"RSV_genus45","Bifidobacterium","Actinobacteria",1.74734594484246e-10,7.38253661695937e-10,0.00060926867571885,0.000877102653349002,0.00085193972552783,0.000879771711242603,0.000892841266961652,0.000593143052863436,0.000705226394954021,FALSE
"RSV_genus46","Gardnerella","Actinobacteria",0.00698004735758093,0.0145633086843355,3.19799664536741e-05,2.83182279670975e-05,7.1755310940499e-05,2.63302568047337e-05,4.48627802359882e-05,2.12828237885463e-05,5.70281836830936e-05,FALSE
"RSV_genus47","Metascardovia","Actinobacteria",0.00407915954365524,0.00872630332756627,3.25767364217252e-05,8.77377685076381e-05,7.66351887396033e-05,2.88770579881657e-05,5.5205203539823e-05,3.90183215859031e-05,3.69222315491629e-05,FALSE
"RSV_genus49","Parascardovia","Actinobacteria",3.70379219832949e-10,1.49033543218496e-09,0.000145039400958466,0.000387041052878966,0.00027769556621881,0.000269424047337278,0.000160700541297935,0.000424126290748899,0.000147244421834473,FALSE
"RSV_genus51","Scardovia","Actinobacteria",3.14518533647695e-08,1.10736733721793e-07,0.00134817673801917,0.0013855870693302,0.00168293787523992,0.00145426141301775,0.00137384437315634,0.00183367137885463,0.00151719702027824,TRUE
"RSV_genus52","Corynebacterium","Actinobacteria",0.303162214632455,0.397166002115387,0.0047065688514377,0.00512333988484136,0.0049270103915547,0.00465274626153847,0.00478453042477876,0.00452027017621145,0.00505010712426315,FALSE
"RSV_genus53","Corynebacterium 1","Actinobacteria",0.0781433481542098,0.133396220586479,0.000875916410543131,2.8135920094007e-05,2.70751925783749e-05,0.000577603,2.14507831858407e-05,2.27588942731278e-05,0.000112789800754539,FALSE
"RSV_genus57","Mycobacterium","Actinobacteria",0.16125099971906,0.241162999579834,8.50530335463259e-05,0.000134661663924794,5.91927191298784e-05,0.000217317023668639,5.14355368731563e-05,2.23912907488987e-05,0.000289140599151144,FALSE
"RSV_genus132","Micrococcus","Actinobacteria",0.410730415740323,0.499377268058379,5.39480990415335e-06,2.57322455934195e-05,6.16428278950736e-06,5.46884556213018e-05,3.43469469026549e-06,4.93760352422908e-06,1.52042688045272e-05,FALSE
"RSV_genus135","Rothia","Actinobacteria",0.000854998642163376,0.0020068718128557,0.108145841589457,0.104747499743831,0.107272695025592,0.106144870492308,0.107436764855457,0.112059279845815,0.1126556465112,TRUE
"RSV_genus170","Propionibacterium","Actinobacteria",0.0309837907125517,0.058180673671347,8.2696054313099e-06,1.7112839012926e-05,1.12725143953935e-05,2.39307195266272e-05,5.50313274336283e-06,4.543859030837e-06,1.04599952841311e-05,FALSE
"RSV_genus172","Tessaracoccus","Actinobacteria",0.280374649248849,0.373096974197287,8.38631150159744e-06,7.60314806110459e-06,4.94733653230966e-06,6.39314556213018e-06,8.17554572271386e-06,4.58977973568282e-06,7.45429544918651e-06,FALSE
"RSV_genus193","Atopobium","Actinobacteria",0.498058853538147,0.596964157786857,0.00623844741533546,0.00673563307755581,0.00669045827959053,0.00641602446745562,0.00636992745132743,0.00617094962555066,0.0062604787234143,FALSE
"RSV_genus196","Cryptobacterium","Actinobacteria",3.43345744483383e-11,1.56825488696464e-10,8.75377044728435e-05,0.000105361467685076,0.000112224069737684,0.000104104280473373,9.22785132743363e-05,0.000138229281938326,8.71887592548927e-05,FALSE
"RSV_genus201","Olsenella","Actinobacteria",1.97552565255928e-14,1.33545534113007e-13,0.000143699185303514,0.000119452062279671,0.000157580673704415,0.000131443189349112,0.000121558851032448,0.00010571522907489,9.28422848384816e-05,FALSE
"RSV_genus203","Senegalimassilia","Actinobacteria",0.153253276760968,0.235427928265947,7.65496805111821e-07,9.31726204465335e-07,2.9685937300064e-06,1.28092307692308e-06,1.02226548672566e-06,0,7.05101862768215e-07,FALSE
"RSV_genus204","Slackia","Actinobacteria",0.000360329254992853,0.000895524177849886,1.55516166134185e-05,1.00518730904818e-05,1.32990127959053e-05,1.15990366863905e-05,1.10278244837758e-05,8.75102202643172e-06,1.15520629568498e-05,FALSE
"RSV_genus231","Bacteroides","Bacteroidetes",0.504066532207854,0.599910168613573,0.00283902812779553,0.0019472546239718,0.00128628199808061,0.000723084843786983,0.00169999169321534,0.00411170645814978,0.00129855506272106,FALSE
"RSV_genus233","Phocaeicola","Bacteroidetes",1.81231536007487e-23,2.18772354180466e-22,0.000155500674121406,0.00011273347826087,0.000131725597568778,0.000114145675739645,8.2821994100295e-05,8.38074273127754e-05,6.56830971468992e-05,FALSE
"RSV_genus244","Coprobacter","Bacteroidetes",0.0921966760305061,0.152757237736819,7.05504632587859e-06,0.000112226475910693,0.000283672708253359,1.01686639053254e-05,6.7633505899705e-05,0.000261470365638767,6.73695163876445e-05,FALSE
"RSV_genus249","Odoribacter","Bacteroidetes",1.52369056405187e-14,1.11958132749898e-13,2.90265015974441e-05,3.76222373678026e-05,2.82813160588612e-05,3.09815786982249e-05,2.71034749262537e-05,5.53619691629956e-05,1.16196373496817e-05,FALSE
"RSV_genus251","Parabacteroides","Bacteroidetes",0.811829319791909,0.852168664874737,2.99494297124601e-05,5.33876615746181e-05,4.50558438899552e-05,1.64786130177515e-05,0.000141810019174041,5.69674713656388e-05,3.51887797689224e-05,FALSE
"RSV_genus253","Porphyromonas","Bacteroidetes",1.89815227720921e-14,1.33545534113007e-13,0.0202405230511182,0.0178642274383079,0.0183883634504159,0.0187861669810651,0.0167480827817109,0.016681073185022,0.0151909690264089,TRUE
"RSV_genus255","Tannerella","Bacteroidetes",1.0614827167934e-11,5.27619350406131e-11,0.00114554103354633,0.000978430520564042,0.00108576715291107,0.00109508963668639,0.00103180031858407,0.000882143969162996,0.000878225847913227,FALSE
"RSV_genus256","Alloprevotella","Bacteroidetes",1.11659822934694e-07,3.62894424537754e-07,0.0239007839936103,0.0248481589189189,0.0228992455674985,0.0232466871420118,0.0226292237831858,0.0193215311762115,0.020257159572978,TRUE
"RSV_genus259","Prevotella","Bacteroidetes",0.0177169497479467,0.0344156839931379,0.0272600014265176,0.0234073385440658,0.0249953989257837,0.0245962884639053,0.0247601792359882,0.023015828814978,0.0234660481535015,TRUE
"RSV_genus261","Prevotella 2","Bacteroidetes",0.00169999892557437,0.00393561395098723,0.00164002116453674,0.00272189361104583,0.00238916322008957,0.00184598903786982,0.00148175708112094,0.00159398665198238,0.00155391421740156,TRUE
"RSV_genus262","Prevotella 6","Bacteroidetes",0.000277157159440418,0.000709690302203495,0.00523590814376997,0.00525938017861339,0.00508537930774152,0.0051116627408284,0.00519217185693215,0.00574785316740088,0.00629433838363592,TRUE
"RSV_genus263","Prevotella 7","Bacteroidetes",0.577454691625506,0.65496538848799,0.0768363734105431,0.0784462289341951,0.0772245892290467,0.0739815979159763,0.0772364281179941,0.0736078628061674,0.0787290998457911,FALSE
"RSV_genus264","Prevotella 9","Bacteroidetes",0.233164181840634,0.325073418947815,5.12376996805112e-06,0.000116615246768508,3.74917370441459e-05,2.85674177514793e-05,0.00059722495280236,0.000556429061674009,9.38959516623438e-05,FALSE
"RSV_genus271","Alistipes","Bacteroidetes",0.189255709297842,0.275513984990616,2.81547715654952e-05,7.71613584018801e-05,2.92957651951376e-05,3.10173786982248e-05,0.000175181904129793,4.03637004405286e-06,5.6947344494223e-05,FALSE
"RSV_genus274","Rikenellaceae RC9 gut group","Bacteroidetes",1.63873661441894e-05,4.94547299708574e-05,2.24922172523962e-05,3.65704089306698e-05,3.04203288547665e-05,2.19873372781065e-05,2.7473581120944e-05,1.31070881057269e-05,1.99790457439283e-05,FALSE
"RSV_genus318","Bergeyella","Bacteroidetes",0.679375361486494,0.755358132179062,0.00474550014376997,0.0052988766239718,0.00504683188355726,0.00471208738698225,0.00505111272713864,0.00470751417180617,0.00523043025583587,FALSE
"RSV_genus319","Capnocytophaga","Bacteroidetes",0.000212405734777071,0.000560883893395703,0.00302263990734824,0.00263707633960047,0.002799251837492,0.00402218434674556,0.00292438797640118,0.00285560421145374,0.00329227106390002,TRUE
"RSV_genus320","Chryseobacterium","Bacteroidetes",0.753485963443505,0.805943846974381,2.08646006389776e-06,7.40263102232667e-06,1.35255591810621e-05,5.018175147929e-06,2.52043421828909e-05,3.47931718061674e-06,5.77554939872671e-06,FALSE
"RSV_genus322","Cloacibacterium","Bacteroidetes",0.0956929197981492,0.157010713066866,0.000192350285942492,0.00186673249706228,0.000438078653870762,0.000968398910059172,0.000275042812684366,0.000355936660792952,0.000548468500117897,FALSE
"RSV_genus326","Flavobacterium","Bacteroidetes",0.897573327787644,0.917397141238444,1.28165015974441e-06,4.98939600470035e-06,1.00410396673065e-05,2.89116923076923e-06,8.7362389380531e-07,9.28102643171806e-06,8.5766081112945e-06,FALSE
"RSV_genus475","Gemella","Firmicutes",0.156641066400348,0.236360180550525,0.0459735917715655,0.0473060035569917,0.0486931983755599,0.0477885049195266,0.0432394368333333,0.0471020574229075,0.048855380043386,FALSE
"RSV_genus494","Staphylococcus","Firmicutes",0.00235996916873098,0.00517967259111085,0.000263346658146965,0.000174369227967098,0.000213683223288548,0.000217107807100592,0.000303797625368732,0.000344494841409692,0.000150155036076397,FALSE
"RSV_genus499","Abiotrophia","Firmicutes",0.219992611518014,0.312426481903734,0.00201679462939297,0.00203220966274971,0.00205279819321817,0.00171064733491124,0.00195808461651917,0.00166502326872247,0.00199746186135346,FALSE
"RSV_genus510","Dolosigranulum","Firmicutes",0.0175223301262385,0.0344156839931379,4.78506549520767e-06,1.55005052878966e-06,2.79309341010877e-06,4.58937278106509e-06,1.67328466076696e-06,1.16196916299559e-06,2.0934149964631e-06,FALSE
"RSV_genus511","Granulicatella","Firmicutes",0.973282451716943,0.979075799643829,0.0247343104121406,0.0244353221128085,0.025694484865643,0.0251421941609467,0.0247314554454277,0.0248976648854626,0.025088452295685,FALSE
"RSV_genus519","Lactobacillus","Firmicutes",1.91629858156732e-21,2.02409037678048e-20,0.00409039631309904,0.00567185332314923,0.00628298477543187,0.00559762885088758,0.00592532616076696,0.00453792553303965,0.0033307935432681,TRUE
"RSV_genus523","Leuconostoc","Firmicutes",0.874155340894847,0.906332838105701,3.50372204472843e-07,1.3143160987074e-06,1.72503390914907e-06,4.66390059171598e-06,5.65460914454277e-06,1.81883259911894e-06,2.05584194765385e-05,FALSE
"RSV_genus525","Weissella","Firmicutes",0.913343793077221,0.92428204209611,1.02241853035144e-06,5.12982491186839e-06,6.20845681381958e-06,4.08227455621302e-06,5.64663716814159e-06,8.64991189427313e-06,8.88914147606696e-05,FALSE
"RSV_genus528","Lactococcus","Firmicutes",0.564359415709373,0.648821369080844,3.81966884984026e-05,4.66603689776733e-05,8.48326621880999e-05,2.25679100591716e-05,0.000345438669616519,4.88087488986784e-05,6.27657538316435e-05,FALSE
"RSV_genus530","Streptococcus","Firmicutes",0.362392236557741,0.450325646898958,0.314707799656549,0.317025605924794,0.321251698528471,0.32635436712071,0.325706008741888,0.332716616405286,0.324553690046922,FALSE
"RSV_genus535","Christensenellaceae R-7 group","Firmicutes",0.667231544145864,0.746769079209609,0.000162082079872204,5.57843349001175e-05,0.000130803364043506,4.69240213017751e-05,5.01947876106195e-05,3.25283436123348e-05,3.76036962980429e-05,FALSE
"RSV_genus538","Clostridium sensu stricto 1","Firmicutes",0.0442914568991679,0.0813614806082541,3.07885974440895e-05,4.99724794359577e-06,1.92527511196417e-06,3.5632426035503e-06,6.79889528023599e-06,1.43976651982379e-06,2.09578842254185e-05,FALSE
"RSV_genus555","Defluviitaleaceae UCG-011","Firmicutes",8.90861314339436e-42,3.76388905308412e-40,0.000323579758785943,0.000249914052878966,0.000288851856046065,0.000294761250887574,0.000258905331858407,0.000200088599118943,0.000143457913935393,FALSE
"RSV_genus560","Pseudoramibacter","Firmicutes",1.69939852016257e-21,1.91465566604983e-20,8.0434661341853e-05,0.000105107321974148,9.99391631477928e-05,7.50442923076924e-05,5.81291430678466e-05,5.41518193832599e-05,6.02077019570856e-05,FALSE
"RSV_genus561","Anaerococcus","Firmicutes",0.000251699873834542,0.000654419671969808,1.30703897763578e-05,1.79051480611046e-05,5.79797319257837e-05,2.21806213017752e-05,3.85615899705015e-05,0.00020721159030837,2.74296812072624e-05,FALSE
"RSV_genus562","Ezakiella","Firmicutes",1.8386491491526e-11,8.87804874876542e-11,2.90534920127796e-05,4.99575722679201e-05,2.68584497760717e-05,3.30335218934911e-05,1.91436297935103e-05,1.90373744493392e-05,1.50097347323744e-05,FALSE
"RSV_genus563","Finegoldia","Firmicutes",0.0145870518168006,0.029002491259286,9.16095047923323e-06,1.43537426556992e-05,0.000105523477287268,9.48595633136095e-05,1.55687138643068e-05,6.12706607929515e-06,1.89372383871728e-05,FALSE
"RSV_genus566","Murdochiella","Firmicutes",7.07394048167644e-08,2.34410968902612e-07,2.36571869009585e-05,3.90187109283196e-05,1.52106871401152e-05,3.25625692307692e-05,1.49248554572271e-05,3.1650691629956e-05,2.06732987502947e-05,FALSE
"RSV_genus568","Parvimonas","Firmicutes",5.74873671297669e-11,2.4911192422899e-10,0.00594714263578275,0.0048622964054054,0.00516574623160588,0.00538078185443787,0.00491016896017699,0.00536460082378855,0.00443587876962981,TRUE
"RSV_genus569","Peptoniphilus","Firmicutes",0.900071927543097,0.917397141238444,3.5649856230032e-05,4.95341186839013e-05,3.72786615483046e-05,2.8885250887574e-05,7.25569321533923e-05,2.04086607929515e-05,3.90322860174488e-05,FALSE
"RSV_genus577","Family XIII AD3011 group","Firmicutes",0.00203010834170632,0.0045745107966449,3.6621017571885e-05,3.32209753231492e-05,1.96949411388356e-05,1.07635597633136e-05,3.00424690265487e-05,1.00755198237885e-05,1.17354258429616e-05,FALSE
"RSV_genus578","Family XIII UCG-001","Firmicutes",7.94642668196091e-24,1.03303546865492e-22,0.000136481458466454,0.000106239601645123,0.000125029694817658,0.000109855165680473,9.77287817109144e-05,0.000112265942731278,7.75540450365478e-05,FALSE
"RSV_genus579","Incertae Sedis","Firmicutes",1.61738533185187e-49,1.36669060541483e-47,0.000702173995207668,0.000610160444183314,0.000634890303902751,0.000651485388165681,0.000683540412979351,0.00041498413215859,0.000327710267861353,TRUE
"RSV_genus580","Mogibacterium","Firmicutes",0.0792447186392709,0.133923574500368,0.00279446865814697,0.00227783600235017,0.00258049115611005,0.00255160445325444,0.00249273659439528,0.00272938658590308,0.00248495567884932,FALSE
"RSV_genus582","[Eubacterium] brachy group","Firmicutes",2.8739836901653e-12,1.56678465689656e-11,0.00145034392332268,0.00103713285781434,0.00132466979590531,0.00140978854556213,0.0014385205619469,0.0010545687753304,0.000993231939401085,TRUE
"RSV_genus583","[Eubacterium] nodatum group","Firmicutes",0.0411205430052968,0.0763667227241226,0.00220440463099041,0.00180105203172738,0.00181579399552143,0.0019810531408284,0.00192732618436578,0.00198815273568282,0.00180781463098325,FALSE
"RSV_genus589","Blautia","Firmicutes",0.190740451147349,0.275513984990616,5.13487220447284e-06,3.28249776733255e-05,6.73251119641715e-05,2.00469053254438e-05,0.000291956140117994,7.53489383259912e-05,3.32859172365008e-05,FALSE
"RSV_genus591","Butyrivibrio 2","Firmicutes",4.42599006089664e-08,1.49598464058306e-07,0.000198444932907348,0.000164028413631022,0.000149417763275752,0.000182787504142012,0.00018207228761062,0.000216943061674009,0.000220674613298751,FALSE
"RSV_genus592","Catonella","Firmicutes",0.700477354126089,0.773729887890909,0.000826110718849841,0.00077885298707403,0.000791217630198337,0.000762764139644971,0.000740279244837758,0.000699110471365639,0.000726758085828814,FALSE
"RSV_genus600","Howardella","Firmicutes",1.97457056393929e-11,9.26951181404832e-11,2.54095686900959e-05,2.52986098707403e-05,2.66724005118362e-05,2.67849230769231e-05,2.29874705014749e-05,2.12938942731278e-05,1.60278776232021e-05,FALSE
"RSV_genus602","Incertae Sedis","Firmicutes",0.864670981152319,0.902033307498407,3.55053738019169e-05,3.71488014101058e-05,2.13279014715291e-05,5.85924733727811e-06,1.44536622418879e-05,6.19148898678414e-05,9.53223013440226e-06,FALSE
"RSV_genus603","Johnsonella","Firmicutes",3.10350482250068e-05,9.04297094832094e-05,0.000278109980830671,0.000236271076380729,0.000262647403710812,0.000230887763313609,0.000219863883480826,0.000423031740088106,0.000244194481961802,FALSE
"RSV_genus604","Lachnoanaerobaculum","Firmicutes",0.00177710489032358,0.00405852333060386,0.00237079808306709,0.0021891394559342,0.00229391233269354,0.00208964934674556,0.00237224988348083,0.002747886,0.00247501556496109,TRUE
"RSV_genus605","Lachnoclostridium","Firmicutes",0.726812558124465,0.791862554488335,0.000288993861022364,0.000124091702702703,0.000125894104926424,5.47245408284024e-05,9.17372610619469e-05,5.57151894273128e-05,4.82631952369724e-05,FALSE
"RSV_genus609","Lachnospiraceae AC2044 group","Firmicutes",8.12169776260634e-17,6.86283460940236e-16,7.23331054313099e-05,9.78865722679201e-05,9.34407888675624e-05,0.0001137202,7.34083997050147e-05,5.28574669603524e-05,4.03971325159161e-05,FALSE
"RSV_genus625","Moryella","Firmicutes",3.08573750413412e-06,9.48162978543028e-06,1.47333817891374e-05,1.56936568742656e-05,1.53710959692898e-05,1.74955088757396e-05,1.73129749262537e-05,1.62321101321586e-05,8.49572058476774e-06,FALSE
"RSV_genus627","Oribacterium","Firmicutes",4.30308812965479e-13,2.79700728427561e-12,0.00327412531789137,0.00282083067450059,0.00303897734420985,0.00275051847337278,0.00299790218584071,0.00346208498678414,0.00354373815043623,TRUE
"RSV_genus630","Shuttleworthia","Firmicutes",5.50347066202332e-11,2.44759616284721e-10,0.000214313672523962,0.000214412580493537,0.000216867461932182,0.000226729001183432,0.000197779914454277,0.000213031370044053,0.000161630368780948,FALSE
"RSV_genus631","Stomatobaculum","Firmicutes",0.000789923747935882,0.00188024103381921,0.00260886422523962,0.00242272065099883,0.00250062106653871,0.00240240636094674,0.00383400422566372,0.00277676420704846,0.00261086608229192,TRUE
"RSV_genus644","Peptococcus","Firmicutes",7.89022099178314e-24,1.03303546865492e-22,0.000808756920127796,0.000712019903642773,0.000784627511196417,0.000775093614201184,0.000693398702064896,0.000562617969162996,0.000512594941523225,FALSE
"RSV_genus646","Filifactor","Firmicutes",6.27522870895659e-56,1.06051365181366e-53,0.00192984765974441,0.00170668882608696,0.00168137995457454,0.00172400704852071,0.00167979298820059,0.00131000096475771,0.000958842134402264,TRUE
"RSV_genus649","Peptoclostridium","Firmicutes",6.07538401708694e-24,9.33399908079721e-23,0.000326964017571885,0.000378169920094007,0.000336757005758157,0.000320428105325444,0.000295081797935103,0.000283465555066079,0.000242554990096675,FALSE
"RSV_genus650","Peptostreptococcus","Firmicutes",1.48734138422071e-12,8.66761013563105e-12,0.00393751455591054,0.00383954417508813,0.00399443619641714,0.00353187555147929,0.00318360530088496,0.00385317746255507,0.003010355331054,TRUE
"RSV_genus656","Candidatus Soleaferrea","Firmicutes",0.00888754794795742,0.0180963325687326,1.32198514376997e-05,3.31325381903643e-06,5.52868522072937e-06,8.78643195266272e-06,5.13907374631268e-06,2.55506607929515e-07,2.68954067436925e-06,FALSE
"RSV_genus658","Faecalibacterium","Firmicutes",0.388297279051229,0.47899445372013,0.000129266618210863,0.000278897725029377,0.00019218445809341,7.89498970414201e-05,0.000754203324483776,0.000300127022026432,9.30459139353926e-05,FALSE
"RSV_genus659","Fastidiosipila","Firmicutes",0.0481954091436397,0.0875809047879044,2.06790415335463e-06,9.64832902467685e-06,7.99647920665387e-06,1.69785680473373e-06,1.03429085545723e-05,4.38416740088106e-06,2.62550907804763e-06,FALSE
"RSV_genus673","Ruminococcaceae UCG-002","Firmicutes",0.333713945947142,0.427254976250507,0.000124943375399361,0.000155003124559342,0.000157400148432502,2.73529384615385e-05,0.000155261101769912,0.00156080204845815,4.77452539495402e-05,FALSE
"RSV_genus674","Ruminococcaceae UCG-003","Firmicutes",0.17432137640644,0.258423794848143,2.61079009584665e-05,3.43234430082256e-06,2.40424536148432e-05,4.54549940828402e-06,3.26430383480826e-06,4.51660352422908e-06,5.19760198066494e-06,FALSE
"RSV_genus683","Ruminococcaceae UCG-014","Firmicutes",0.407606376680471,0.499170127963765,0.00153845511022364,0.00161581587309048,0.00159389394945617,0.00159668809822485,0.00176069876253687,0.00155637860352423,0.00160884587691582,FALSE
"RSV_genus684","Ruminococcus 1","Firmicutes",0.315967304374825,0.410192798093779,1.97353833865815e-06,0.000116322298472385,3.55149955214331e-05,3.54484615384615e-06,0.000237857927728614,6.22920704845815e-07,1.30491473709031e-05,FALSE
"RSV_genus685","Ruminococcus 2","Firmicutes",0.798493532620676,0.843408793830589,0.000280594907348243,0.000109166824911868,0.000149789699296225,9.02907822485207e-05,5.57043938053097e-05,3.00427004405286e-05,8.4605113888234e-05,FALSE
"RSV_genus687","Subdoligranulum","Firmicutes",0.453786196966922,0.547784766338641,6.025803514377e-06,7.06036310223267e-05,5.77899872040947e-05,6.1631798816568e-06,0.000171965604719764,3.73720088105727e-05,4.83321230841783e-05,FALSE
"RSV_genus689","Pelospora","Firmicutes",1.45125566073443e-09,5.57414106054814e-09,5.12570766773163e-06,1.02790752056404e-05,2.69324888035828e-06,6.39516449704142e-06,1.66742182890855e-06,2.47559911894273e-06,2.84577269511908e-06,FALSE
"RSV_genus698","Bulleidia","Firmicutes",3.83180796067102e-27,1.079292575589e-25,0.000437606773162939,0.000482840283196239,0.000482159044145873,0.000478658177514793,0.000425623028023599,0.000444388066079295,0.000299570419004952,FALSE
"RSV_genus703","Eggerthia","Firmicutes",2.53232108050823e-15,1.94528301184496e-14,0.000138377319488818,0.000163649017626322,0.000142803461292386,0.000117042809467456,0.000143370610619469,0.000102635488986784,7.5551708559302e-05,FALSE
"RSV_genus708","Erysipelotrichaceae UCG-004","Firmicutes",8.28026913319047e-05,0.000225704110243418,3.32058785942492e-06,4.13765452408931e-06,9.76497120921305e-07,1.0044e-06,7.78629793510324e-07,8.81832599118943e-07,7.30668474416411e-07,FALSE
"RSV_genus709","Erysipelotrichaceae UCG-006","Firmicutes",6.94242933316915e-25,1.17327055730559e-23,8.99475511182109e-05,7.89387508813161e-05,8.73648784388995e-05,6.77553704142011e-05,7.56006637168142e-05,6.58559074889868e-05,4.6938419712332e-05,FALSE
"RSV_genus713","Incertae Sedis","Firmicutes",0.564225681925099,0.648821369080844,7.18258977635783e-05,1.59973654524089e-05,1.81325937300064e-05,7.00009112426036e-06,3.23006932153392e-06,7.72397356828194e-06,5.91706885168592e-06,FALSE
"RSV_genus716","Solobacterium","Firmicutes",0.543751465194854,0.633751707709864,0.00314595896805112,0.00316741801527614,0.00295663194049904,0.00296440865680473,0.00293048786430679,0.00279252205286344,0.00295199101013911,FALSE
"RSV_genus722","Phascolarctobacterium","Firmicutes",0.118306831425292,0.188621268970513,7.78958146964856e-05,2.8889285546416e-05,3.88329718490083e-05,1.39488165680473e-05,1.45583584070796e-05,1.66300792951542e-05,1.5127342843669e-05,FALSE
"RSV_genus726","Anaeroglobus","Firmicutes",2.03845093424552e-12,1.14832735962498e-11,0.000873660654952077,0.000973999662749706,0.00103124646065259,0.00103132401420118,0.000836604952802359,0.000687935220264317,0.000678759376090544,FALSE
"RSV_genus728","Centipeda","Firmicutes",4.86493052252725e-10,1.91203083327234e-09,7.35511900958467e-05,8.00304958871915e-05,8.21679417786308e-05,7.46354153846154e-05,5.30594631268437e-05,4.63923964757709e-05,4.30879436453666e-05,FALSE
"RSV_genus729","Dialister","Firmicutes",9.8050083926063e-12,5.0213527828802e-11,0.00250840170607029,0.00246519081316099,0.00251789477927063,0.00248781419408284,0.00249644774926254,0.00215299474008811,0.00203088246121198,TRUE
"RSV_genus731","Megasphaera","Firmicutes",0.0281080763090289,0.0533737628789426,0.00505045100159744,0.00505616214688601,0.00484396768138196,0.00493218989704142,0.00509678350442478,0.00520746229955947,0.00548514483211506,FALSE
"RSV_genus735","Selenomonas","Firmicutes",5.88442290762404e-07,1.87635371960087e-06,0.000756584853035143,0.000737423619271445,0.000827885850927705,0.000744312475739645,0.000682326047197639,0.000600930832599119,0.000560583454609762,FALSE
"RSV_genus736","Selenomonas 3","Firmicutes",0.00228284269662323,0.00507632125959639,0.00150320194408946,0.0014451018707403,0.00139931967818298,0.00148114743431953,0.00145269772123894,0.00118540879735683,0.00157234962508842,TRUE
"RSV_genus737","Selenomonas 4","Firmicutes",3.61708010480139e-09,1.30060965470518e-08,9.35730495207667e-05,9.47229224441832e-05,0.000126621025591811,0.000100572152662722,9.69922050147493e-05,7.54204317180617e-05,8.12931690639e-05,FALSE
"RSV_genus740","Veillonella","Firmicutes",0.114233092757804,0.183860882629228,0.0597331051198084,0.0587966321233842,0.0604372183026232,0.0570230948982249,0.060963430379056,0.0620613073568282,0.0610984145180382,FALSE
"RSV_genus742","Fusobacterium","Fusobacteria",4.22736294397173e-05,0.000119070722921871,0.0290596345207668,0.0275325160893067,0.0278242282373641,0.0284085489976332,0.0274603974852508,0.0280808127004405,0.0259971020521104,TRUE
"RSV_genus746","Leptotrichia","Fusobacteria",6.04243045687542e-05,0.000167405040526549,0.0177835944792332,0.0178835196639248,0.017387105618682,0.0180281181857988,0.0181808334882006,0.0185783575594714,0.0199722720962037,TRUE
"RSV_genus749","Sneathia","Fusobacteria",2.34402769649225e-09,8.61175392841719e-09,9.91168642172524e-05,6.91792737955347e-05,0.000128397241202815,5.67120201183432e-05,3.08164572271386e-05,3.30163876651982e-06,3.84565420891299e-05,FALSE
"RSV_genus750","Streptobacillus","Fusobacteria",1.03110499447852e-25,1.93618604518744e-24,0.000740304476038339,0.000996307283196241,0.00083805926359565,0.0011342476260355,0.00103420980530973,0.000703535907488987,0.000419234314076869,TRUE
"RSV_genus795","Brevundimonas","Proteobacteria",0.352473508745574,0.444428329945703,2.48297124600639e-06,8.56531633372503e-05,1.84449033909149e-05,0.000291208931360947,4.18253539823009e-06,1.31061233480176e-06,7.15669132280123e-05,FALSE
"RSV_genus819","Bradyrhizobium","Proteobacteria",0.521580363247618,0.616413156565367,5.73592971246006e-06,4.44610458284371e-06,1.27795438259757e-05,1.88294426035503e-05,9.25855457227139e-06,2.71518502202643e-06,8.43561103513323e-05,FALSE
"RSV_genus846","Methylobacterium","Proteobacteria",0.24091448993951,0.331012591868108,3.17010702875399e-06,0.000197969897767333,4.62952661548305e-05,0.000154861867455621,5.08727138643068e-05,1.31977092511013e-06,8.57698243338835e-05,FALSE
"RSV_genus895","Paracocccus","Proteobacteria",0.134855670025395,0.211024150317517,3.44023961661342e-06,1.79315252643948e-05,3.26343506078055e-06,0.000245198985798817,2.16342182890855e-06,1.31731718061674e-06,1.07009837302523e-05,FALSE
"RSV_genus960","Porphyrobacter","Proteobacteria",0.533784686999589,0.626455639603684,2.34115495207668e-06,1.03834782608696e-06,2.70656877799104e-06,7.60053017751479e-06,2.83170014749263e-05,1.13958810572687e-05,5.28702782362651e-06,FALSE
"RSV_genus964","Blastomonas","Proteobacteria",0.0757963664387338,0.130710060491286,1.79227811501597e-05,1.51648014101058e-05,1.5710021753039e-05,5.02296402366864e-05,1.48878436578171e-05,1.04127224669604e-05,1.64907828342372e-05,FALSE
"RSV_genus969","Sphingobium","Proteobacteria",0.5764754226506,0.65496538848799,1.96286581469649e-06,6.56542479435958e-05,2.63271785028791e-06,2.71032307692308e-06,1.34939233038348e-06,8.49753744493392e-06,1.3142188634756e-05,FALSE
"RSV_genus971","Sphingomonas","Proteobacteria",0.31796009793068,0.410192798093779,0.000163849821086262,0.000153430286721504,3.95879680102367e-05,9.63212934911243e-05,2.89666268436578e-05,0.000306945321585903,8.5044824569677e-05,FALSE
"RSV_genus990","Sutterella","Proteobacteria",0.61389511152156,0.691655158980958,2.04184313099042e-05,4.92467685076381e-06,1.17499948816379e-05,5.79579763313609e-06,3.45078171091445e-06,0,3.66096981843905e-06,FALSE
"RSV_genus991","Burkholderia","Proteobacteria",0.27273052604516,0.369852966060789,6.00589616613419e-06,5.36265569917744e-06,4.84041394753679e-06,0.000673538046153846,4.7037581120944e-06,2.99543612334802e-06,4.07377151615185e-05,FALSE
"RSV_genus993","Lautropia","Proteobacteria",0.119467843517837,0.188692201444061,0.00130010260543131,0.00127414516921269,0.0013298103787588,0.00107097058106509,0.00116097407817109,0.00127331090748899,0.00154836611294506,FALSE
"RSV_genus998","Ralstonia","Proteobacteria",0.0729697106447478,0.127132794834664,8.09590319488818e-05,6.47882126909518e-05,0.000102387701855406,7.87062224852071e-05,0.000125833777286136,7.16932290748899e-05,0.000487917365951427,FALSE
"RSV_genus1007","Curvibacter","Proteobacteria",0.340644948282027,0.432849595937312,3.65701581469649e-05,3.04667027027027e-05,3.1403802303263e-05,2.82818769230769e-05,3.22119306784661e-05,3.63472775330396e-05,3.46288170242867e-05,FALSE
"RSV_genus1017","Ottowia","Proteobacteria",0.0884034830819538,0.147922659810398,0.000318919511182109,0.000381357665099883,0.000452495523992323,0.000615699660355029,0.000106662415929204,0.000343237621145374,0.00033241498703136,FALSE
"RSV_genus1018","Pelomonas","Proteobacteria",0.0131461297790869,0.0264487611031628,3.04822987220447e-05,6.73577121034078e-05,5.11372923864363e-05,8.12655928994083e-05,0.000215248084070796,8.60443612334802e-06,0.000267783490450366,FALSE
"RSV_genus1032","Xenophilus","Proteobacteria",0.234668385275938,0.325073418947815,2.4162571884984e-06,1.22236756756757e-05,3.42858605246321e-06,3.68018579881657e-06,1.17499115044248e-06,1.04412775330396e-06,4.17049351568027e-06,FALSE
"RSV_genus1040","Massilia","Proteobacteria",0.901111984885099,0.917397141238444,8.03142811501597e-06,8.12581198589894e-06,9.36673896353167e-06,3.21682840236686e-06,5.38533746312684e-05,0.000264570546255507,4.49043032303702e-06,FALSE
"RSV_genus1054","Alysiella","Proteobacteria",0.00290276842999854,0.00628933159833016,7.7066766773163e-05,6.55248601645123e-05,5.21229053103007e-05,6.99745301775148e-05,8.35136194690265e-05,8.95513259911894e-05,8.36341377033719e-05,FALSE
"RSV_genus1058","Conchiformibius","Proteobacteria",0.154630177736806,0.235427928265947,8.10332268370607e-06,7.39605287896592e-06,7.95894497760717e-06,2.19180059171598e-05,1.5012697640118e-05,1.55379735682819e-06,7.68660292383872e-06,FALSE
"RSV_genus1060","Eikenella","Proteobacteria",0.9869074866847,0.9869074866847,0.000188175987220447,0.000161763952996475,0.000272493690978887,0.000138433758579882,0.000136499281710914,0.000385056105726872,0.000240507060363122,FALSE
"RSV_genus1061","Kingella","Proteobacteria",1.93126144838304e-09,7.25295966170521e-09,0.000496973471246007,0.000448440645123384,0.000488976390275112,0.00044919724852071,0.000556031812684366,0.000473960696035242,0.000672519375147373,FALSE
"RSV_genus1063","Neisseria","Proteobacteria",1.38772191172202e-12,8.37589296717936e-12,0.0255837903146965,0.0237435111057579,0.0236630906193218,0.0237894496733728,0.0224496342684366,0.0268515271453744,0.0286961437550106,TRUE
"RSV_genus1064","Simonsiella","Proteobacteria",0.729258588780107,0.791862554488335,3.93687827476038e-05,4.73612620446534e-05,4.57361721049264e-05,4.21033431952663e-05,4.27653820058997e-05,7.13707268722467e-05,5.52470506955907e-05,FALSE
"RSV_genus1076","Dechloromonas","Proteobacteria",0.23147188485926,0.325073418947815,1.66141741214057e-05,4.06241410105758e-05,4.13875047984645e-05,0.000390742959763314,1.48536843657817e-05,2.99361189427313e-05,7.71758057062014e-05,FALSE
"RSV_genus1079","Propionivibrio","Proteobacteria",0.198739615501182,0.284635551014405,1.61097603833866e-06,1.31881668625147e-06,1.87285988483685e-06,2.70369822485207e-06,4.47351179941003e-06,1.34778414096916e-06,2.1924171186041e-06,FALSE
"RSV_genus1082","Zoogloea","Proteobacteria",0.0062452066667366,0.0131929990834811,2.43887539936102e-06,3.08999024676851e-05,7.47328470889315e-06,6.80925207100592e-06,6.19955752212389e-07,6.01748898678414e-07,3.47325277057298e-06,FALSE
"RSV_genus1090","Desulfobulbus","Proteobacteria",7.79480890757577e-20,7.31845947433503e-19,0.000138181514376997,0.000104945882491187,0.000112545487523992,0.000109067441420118,0.000127085197640118,0.000126078224669604,7.24331009195945e-05,FALSE
"RSV_genus1095","Desulfomicrobium","Proteobacteria",3.75000711505105e-08,1.29336980090536e-07,6.11305623003195e-05,5.33942244418331e-05,4.57912079334613e-05,2.99781656804734e-05,3.61484233038348e-05,1.27152422907489e-05,2.337080287668e-05,FALSE
"RSV_genus1096","Bilophila","Proteobacteria",0.735635627542418,0.791862554488335,1.39502236421725e-05,1.47015558166863e-05,1.48511906589891e-05,3.57976402366864e-05,3.9824587020649e-06,2.67044933920705e-06,1.01576889884461e-05,FALSE
"RSV_genus1097","Desulfovibrio","Proteobacteria",3.43465737015373e-12,1.81392842361244e-11,3.2532303514377e-05,2.14518437132785e-05,2.93460076775432e-05,2.80052047337278e-05,1.98644085545723e-05,1.9184577092511e-05,1.8065839424664e-05,FALSE
"RSV_genus1133","Campylobacter","Proteobacteria",0.77191349161624,0.820461509956884,0.00486903112300319,0.00469411073678026,0.00488788898272553,0.00470316077633137,0.00475661243067846,0.00467143081938326,0.0045742215543504,FALSE
"RSV_genus1137","Rs-M59 termite group","Proteobacteria",5.10062993855849e-13,3.19261651709772e-12,1.08171916932907e-05,1.14324970622797e-05,1.3761053103007e-05,6.17827218934911e-06,2.19008569321534e-05,2.25550660792952e-07,6.27015468049988e-06,FALSE
"RSV_genus1139","Wolinella","Proteobacteria",8.32950889992714e-20,7.40887896888256e-19,2.22392603833866e-05,1.86213231492362e-05,1.69660255918106e-05,1.88987230769231e-05,1.81173569321534e-05,1.09787136563877e-05,6.82843150200424e-06,FALSE
"RSV_genus1161","Cardiobacterium","Proteobacteria",7.11361943250166e-20,7.07177461231047e-19,0.000420032551118211,0.000372598715628672,0.000378500618042227,0.000358562513609468,0.00041807485840708,0.000428620766519824,0.000813657712096205,TRUE
"RSV_genus1181","Escherichia/Shigella","Proteobacteria",0.0580373250799615,0.103245346721195,0.000461404415335463,0.000696447501762632,0.000285309585412668,0.00140530905443787,0.00225611263716814,0.000521393502202643,0.000331159879981136,FALSE
"RSV_genus1188","Pantoea","Proteobacteria",0.188569127992266,0.275513984990616,8.9587268370607e-06,4.810455346651e-05,1.20557863083813e-05,1.09468082840237e-05,1.6171918879056e-05,2.14801321585903e-06,0.000124646758075925,FALSE
"RSV_genus1198","Yersinia","Proteobacteria",0.00065753864034374,0.00158748614597274,0.000129297651757188,4.1528223266745e-05,6.76057850287908e-05,0.00015395270887574,4.08067684365782e-05,4.39090881057269e-05,6.05021582174016e-05,FALSE
"RSV_genus1228","Actinobacillus","Proteobacteria",0.279729712190025,0.373096974197287,0.00547957327476038,0.00542187105405406,0.00518816467946258,0.00547120070650887,0.00515390768141593,0.00434589545374449,0.00508019039259609,FALSE
"RSV_genus1229","Aggregatibacter","Proteobacteria",3.44461737225182e-05,9.86678535441624e-05,0.00556136047603834,0.0075206635945946,0.00630168402303263,0.00589969797751479,0.00524394987315634,0.00512616104405286,0.00482688900330112,TRUE
"RSV_genus1233","Haemophilus","Proteobacteria",0.000576162998948308,0.00141118183800383,0.0548740558690096,0.055398534025852,0.0540723883275752,0.0562776913727811,0.053734400797935,0.0562485368942731,0.05812094022141,TRUE
"RSV_genus1234","Mannheimia","Proteobacteria",2.27415901157774e-05,6.74268198169542e-05,0.00125747132108626,0.000879341277320799,0.0012571739053103,0.00129674701538462,0.00118931348377581,0.00168200037444934,0.00145144498255129,TRUE
"RSV_genus1238","Acinetobacter","Proteobacteria",0.00856381584094372,0.0176498155746279,0.000189115547923323,0.000690956095182139,0.000627213619321817,0.00147035474792899,0.000623804448377581,0.000977791374449339,0.000369320941759019,TRUE
"RSV_genus1241","Moraxella","Proteobacteria",1.97158143645795e-10,8.12676250637547e-10,0.000289161001597444,0.000401714972972973,0.000299337974408189,0.00042685598816568,0.000266837895280236,0.000136549026431718,0.00025714142301344,FALSE
"RSV_genus1246","Azomonas","Proteobacteria",0.355016713270236,0.444428329945703,4.96203354632588e-06,5.11327297297297e-05,9.82124440179143e-06,2.27288982248521e-05,2.67976253687316e-06,3.82702202643172e-06,8.64060572978071e-05,FALSE
"RSV_genus1248","Pseudomonas","Proteobacteria",0.000283324387889383,0.000714654053034414,0.00176945994888179,0.000557684983548766,0.000489914145873321,0.000901729551479289,0.000818840886430679,0.000134458555066079,0.00030033260504598,TRUE
"RSV_genus1257","Aliivibrio","Proteobacteria",0.000119999582209411,0.000321903641164928,1.24505910543131e-05,1.60533960047004e-06,4.95088035828535e-06,1.44894721893491e-05,0.00013147768879056,3.12536123348018e-06,2.31057066729545e-05,FALSE
"RSV_genus1282","Stenotrophomonas","Proteobacteria",0.733539001583973,0.791862554488335,0.000499167142172524,0.000708454287896592,0.000124860031349968,0.00057541410295858,0.000328856607669617,7.67270484581498e-05,0.000185838912756425,FALSE
"RSV_genus1285","Xanthomonas","Proteobacteria",0.0249731139607661,0.0479597302201077,3.71594568690096e-06,7.91027485311399e-05,4.86046065259117e-06,1.54399526627219e-05,2.65825516224189e-06,3.37806607929515e-06,1.49032308417826e-05,FALSE
"RSV_genus1299","Candidatus Saccharimonas","Saccharibacteria",0.112573135890013,0.182931345821271,4.12815926517572e-05,4.43552514688601e-05,3.25154830454255e-05,3.77371159763314e-05,4.05021814159292e-05,3.83805550660793e-05,4.44579478896487e-05,FALSE
"RSV_genus1307","Treponema 2","Spirochaetae",4.39970325705967e-48,2.47849950147694e-46,0.00517787014696485,0.00520245007755582,0.00514865713691619,0.00493766786035502,0.00467831882153393,0.00362267644493392,0.0033319953058241,TRUE
"RSV_genus1309","Fretibacterium","Synergistetes",8.83093624998596e-35,2.98485645249525e-33,0.000740931166134185,0.00065622111985899,0.000668063492642355,0.000607800790532544,0.000625565620943953,0.000535520246696035,0.000402437940108465,FALSE
"RSV_genus1311","Pyramidobacter","Synergistetes",9.04629959964553e-07,2.83115672655573e-06,2.58978290734824e-05,1.22394958871915e-05,1.63294580934101e-05,1.01207136094675e-05,9.39020501474926e-06,5.73524669603524e-06,1.33472985145013e-05,FALSE
"RSV_genus1314","Acholeplasma","Tenericutes",4.94143776138084e-26,1.0438787270917e-24,0.000455910107028754,0.0003642855346651,0.000260001344209853,0.000207193437869822,0.000197317671091445,0.000216102691629956,0.000112116762084414,FALSE
"RSV_genus1322","Mycoplasma","Tenericutes",1.41225436878082e-26,3.40958554748512e-25,0.000829720170926517,0.000599183324324324,0.00071128328918746,0.000798902898224852,0.000709738302359882,0.000562543277533039,0.000460576969111059,FALSE
"RSV_genus1333","Opitutus","Verrucomicrobia",0.273559886139637,0.369852966060789,6.54252396166134e-07,5.34328672150411e-06,5.0297568777991e-06,2.41367810650888e-06,1.83528761061947e-06,2.08370044052863e-07,3.30490120254657e-06,FALSE
"RSV_genus1344","Akkermansia","Verrucomicrobia",0.138952796128714,0.215440573814244,0.000112467239616613,0.000154306495887192,0.000124603238643634,3.95559396449704e-05,0.000539139486725664,2.25380925110132e-05,5.40600561188399e-05,FALSE
