"OTU","Genus","Phylum","p_value","p_adj_BH","X30.39","X14.19","X20.29","X40.49","X50.59","X60.69","in_top_panel"
"RSV_genus35","Actinomyces","Actinobacteria",0.21373472798866,0.267564215037656,0.0272596550519403,0.0262278453230769,0.0279804571284404,0.0256900197885305,0.0257823371770492,0.0276622917485381,FALSE
"RSV_genus38","Mobiluncus","Actinobacteria",3.34153345153183e-20,9.57151107303186e-20,4.28340853731343e-05,4.58401721893491e-05,6.17337345183486e-05,3.26745878136201e-05,3.04562950819672e-05,2.33086640675764e-05,FALSE
"RSV_genus43","Aeriscardovia","Actinobacteria",4.78056802926416e-07,9.18086360165503e-07,3.51320226865672e-05,1.64408461538462e-06,2.0138997706422e-05,2.57364366786141e-05,4.17581855737705e-05,1.54940552306693e-05,FALSE
"RSV_genus44","Alloscardovia","Actinobacteria",4.14715216631511e-91,5.39129781620964e-90,0.000295722376716418,0.000116628317159763,0.000189884510321101,0.000401595850657109,0.000465926129836065,0.000511190352176738,FALSE
"RSV_genus45","Bifidobacterium","Actinobacteria",2.62992112640113e-63,2.02025759255359e-62,0.000774470067462686,0.000381681222485207,0.000569436972477064,0.000934492194145758,0.000913313667540983,0.00104773520922677,FALSE
"RSV_genus46","Gardnerella","Actinobacteria",2.73798104314719e-06,5.19908759878512e-06,7.31963850746268e-05,4.37909680473373e-05,5.75426163990826e-05,4.70645794504182e-05,4.07070596721312e-05,4.2704196231319e-05,FALSE
"RSV_genus47","Metascardovia","Actinobacteria",7.01516844511745e-08,1.39478054967629e-07,6.56183504477612e-05,5.87955029585799e-07,4.00574535550459e-05,9.02779772998805e-05,6.15779586885246e-05,3.74913066926576e-05,FALSE
"RSV_genus49","Parascardovia","Actinobacteria",2.91219215704812e-42,1.40617278440323e-41,0.000246332525970149,3.96891852071006e-05,0.000204521265481651,0.000257614491636798,0.000272343531803279,0.00027415544574399,FALSE
"RSV_genus51","Scardovia","Actinobacteria",5.22907892505352e-48,3.04729082184154e-47,0.00140427904895522,0.00102692174556213,0.0018130395103211,0.00208689604062127,0.00128215463672131,0.0013666132605588,FALSE
"RSV_genus52","Corynebacterium","Actinobacteria",2.59332510914097e-31,9.13066548843384e-31,0.00485654102925374,0.00566305804792899,0.00526959267029816,0.00471994351851851,0.00455566375803279,0.00451942510071474,TRUE
"RSV_genus53","Corynebacterium 1","Actinobacteria",2.52356923988491e-09,5.26522471037715e-09,1.35421773134328e-05,1.50770656804734e-05,0.000419869290711009,1.92696768219833e-05,8.85583337704919e-05,0.000429210412605588,FALSE
"RSV_genus57","Mycobacterium","Actinobacteria",0.868744999237735,0.895231127263276,0.000291810337313433,0.000110883989940828,3.98042167431193e-05,0.00010604863739546,0.000127812274754098,0.000408244927225471,FALSE
"RSV_genus132","Micrococcus","Actinobacteria",0.362878410395523,0.43187641800594,6.71672537313433e-06,8.58772662721893e-06,9.13497935779816e-06,2.47350017921147e-05,3.8206731147541e-05,3.38626224821313e-05,FALSE
"RSV_genus135","Rothia","Actinobacteria",4.09454729256133e-52,2.66145574016487e-51,0.108407441052537,0.0920994814786982,0.0951136229048163,0.114699213401434,0.120770246808525,0.13132549625536,TRUE
"RSV_genus170","Propionibacterium","Actinobacteria",0.018656412044078,0.0284048075265693,7.89613074626866e-06,6.32683313609467e-06,1.2276067087156e-05,1.38759259259259e-05,2.15837547540984e-05,7.7007420402859e-06,FALSE
"RSV_genus172","Tessaracoccus","Actinobacteria",1.32997955013158e-15,3.35472453689907e-15,6.66981074626866e-06,1.06635810650887e-05,7.80951318807339e-06,4.85205017921147e-06,5.20120131147541e-06,5.80142884990253e-06,FALSE
"RSV_genus193","Atopobium","Actinobacteria",2.03295950336854e-09,4.29462695086604e-09,0.00657539837014925,0.00555731465976331,0.00644178238761468,0.00636532612724014,0.00622390911737705,0.0070686638245614,TRUE
"RSV_genus196","Cryptobacterium","Actinobacteria",7.53430808447082e-10,1.65363385230593e-09,9.65133808955224e-05,5.92819165680473e-05,8.99981439220183e-05,9.70385358422939e-05,0.000101103457704918,0.000129280999350227,FALSE
"RSV_genus201","Olsenella","Actinobacteria",1.46984697911374e-28,4.96808278940443e-28,0.000166770156417911,4.12123982248521e-05,0.000122430355504587,0.000134478567502987,0.000123372790819672,0.000102518702404158,FALSE
"RSV_genus203","Senegalimassilia","Actinobacteria",0.00141962451513295,0.00235212297115166,1.71104597014925e-06,2.65799408284024e-07,9.78037844036697e-07,3.25869115890084e-06,4.60574426229508e-07,4.32879142300195e-07,FALSE
"RSV_genus204","Slackia","Actinobacteria",1.54409877294821e-21,4.49918435565945e-21,1.21890298507463e-05,3.50597633136095e-06,1.1696438646789e-05,1.79502538829152e-05,1.21286668852459e-05,1.27069122807017e-05,FALSE
"RSV_genus231","Bacteroides","Bacteroidetes",0.00685022292486971,0.0110912716814744,0.00060941255402985,0.00205484530828402,0.000990242405389908,0.00157994574551971,0.00236442931213115,0.00125322308966862,TRUE
"RSV_genus233","Phocaeicola","Bacteroidetes",1.00656812637147e-108,2.83516688927964e-107,0.000120440929552239,1.95306130177515e-05,8.20216989678899e-05,0.000139008108124253,0.000108453051803279,9.73536465237166e-05,FALSE
"RSV_genus244","Coprobacter","Bacteroidetes",0.398555737305385,0.465940944096509,0.000123538104477612,0.000138893585798817,0.000117202975917431,7.40996039426523e-05,0.000120955035409836,1.66285841455491e-05,FALSE
"RSV_genus249","Odoribacter","Bacteroidetes",4.71246347007364e-28,1.56158103224009e-27,2.38818376119403e-05,3.11476686390533e-06,1.43794415137615e-05,3.85720931899642e-05,3.69046196721312e-05,2.53283645224171e-05,FALSE
"RSV_genus251","Parabacteroides","Bacteroidetes",0.00453803090947339,0.00744589537573789,2.34131629850746e-05,0.000101707343786982,3.3074693233945e-05,6.10751296296296e-05,2.34844236065574e-05,3.1441122157245e-05,FALSE
"RSV_genus253","Porphyromonas","Bacteroidetes",8.99225450163591e-15,2.2348397217301e-14,0.017477677280597,0.0168147529721894,0.0175814591238532,0.0174151273261649,0.0173381219396721,0.0148255831832359,TRUE
"RSV_genus255","Tannerella","Bacteroidetes",1.90509901896645e-35,7.15470520456288e-35,0.00116069852477612,0.000591606718934911,0.000948023498279818,0.00116110839725209,0.00112242488327869,0.000908650724496426,FALSE
"RSV_genus256","Alloprevotella","Bacteroidetes",7.16085351851782e-104,1.34464916069946e-102,0.02175640612,0.0272246883289941,0.0274870573652523,0.0205949830358423,0.0173699619554098,0.0156655920903184,TRUE
"RSV_genus259","Prevotella","Bacteroidetes",2.439485513327e-26,7.63468614356044e-26,0.0252904031629851,0.0224912954213018,0.0269184394266055,0.0247803176003584,0.0244906665114754,0.0209123427037037,TRUE
"RSV_genus261","Prevotella 2","Bacteroidetes",1.22020704804787e-44,6.2489391248512e-44,0.00220397011701493,0.00174526162071006,0.00194110971674312,0.0016007121953405,0.00213691718557377,0.00129327594152047,FALSE
"RSV_genus262","Prevotella 6","Bacteroidetes",8.0848080677929e-39,3.69279071204594e-38,0.0051372178041791,0.00496839180710059,0.00456181057970184,0.00579862186499403,0.00649117865311476,0.007640014014295,TRUE
"RSV_genus263","Prevotella 7","Bacteroidetes",1.34372102719755e-09,2.91139555892802e-09,0.0776503835355224,0.0718782000840237,0.0762817445647937,0.077384677739546,0.0802793933540984,0.0838862241617935,TRUE
"RSV_genus264","Prevotella 9","Bacteroidetes",0.0215921711141183,0.0325810439132678,0.000291134354626866,0.000173736295857988,5.26263509174312e-05,0.000111733284348865,9.12406754098361e-06,4.47742703053931e-05,FALSE
"RSV_genus271","Alistipes","Bacteroidetes",0.0702572115666293,0.0981278409484327,6.51945253731343e-06,6.28298538461538e-05,3.91469701834862e-05,9.557727479092e-05,8.6825724590164e-05,3.18376673164392e-05,FALSE
"RSV_genus274","Rikenellaceae RC9 gut group","Bacteroidetes",4.32576476740913e-10,9.61913481173873e-10,3.04853456716418e-05,1.27996899408284e-05,3.55729105504587e-05,3.52178578255675e-05,1.9949748852459e-05,9.15787329434698e-06,FALSE
"RSV_genus318","Bergeyella","Bacteroidetes",2.90414694483527e-120,2.45400416838581e-118,0.00477121131522388,0.00969608472307691,0.00687801160779816,0.00338135650537634,0.00279522409049181,0.00261285761208577,TRUE
"RSV_genus319","Capnocytophaga","Bacteroidetes",1.5270472525036e-05,2.71653669129587e-05,0.00285638605492537,0.00292220459763314,0.00276998146961009,0.00353175415292712,0.00327643007081968,0.00377228050877193,FALSE
"RSV_genus320","Chryseobacterium","Bacteroidetes",0.206312346251073,0.262156289597229,1.28177002985075e-05,2.22537337278107e-06,2.7215504587156e-06,1.00577341696535e-05,1.46142885245902e-05,1.06623190383366e-05,FALSE
"RSV_genus322","Cloacibacterium","Bacteroidetes",0.694423939907176,0.728929477293868,0.000460222773134328,0.00034509939408284,0.00057546234690367,0.00118377853464755,0.000491485070819672,0.000753580059129304,FALSE
"RSV_genus326","Flavobacterium","Bacteroidetes",0.546963612553827,0.604162421709783,1.27695808955224e-05,3.1394023668639e-06,5.3235372706422e-06,7.79619593787336e-06,3.47563147540984e-06,1.10459584145549e-05,FALSE
"RSV_genus475","Gemella","Firmicutes",2.2905271851682e-51,1.43370034923491e-50,0.046192850121194,0.0586358160573965,0.0502711912402523,0.0444179932204301,0.0432265390222951,0.0441590287322937,TRUE
"RSV_genus494","Staphylococcus","Firmicutes",0.0098950170654984,0.0156285783557872,0.000229376863283582,0.000236974708284023,0.000129739166857798,0.000228703420549582,0.000160338963934426,0.000139849975308642,FALSE
"RSV_genus499","Abiotrophia","Firmicutes",7.07419692996679e-115,2.39107856232877e-113,0.00163673489432836,0.00301588259408284,0.00219766050516055,0.00146351329749104,0.00165524318819672,0.00178446084860299,TRUE
"RSV_genus510","Dolosigranulum","Firmicutes",0.0559840438090862,0.0788441950311297,1.20133910447761e-06,3.15665562130177e-06,2.38183084862385e-06,3.75990262843489e-06,1.60179147540984e-06,2.10721247563353e-06,FALSE
"RSV_genus511","Granulicatella","Firmicutes",5.05285440081435e-47,2.75462062496008e-46,0.0245604720710448,0.0294644999928994,0.0264108691089449,0.0228054766523297,0.0233416899908197,0.0235993500363873,TRUE
"RSV_genus519","Lactobacillus","Firmicutes",7.43983767549452e-42,3.49259046432937e-41,0.00441360790626866,0.00127809448343195,0.00306920536009174,0.00586409832974909,0.00551971001770492,0.00755269329499676,TRUE
"RSV_genus523","Leuconostoc","Firmicutes",0.887690310963984,0.898610105326824,4.23482931343283e-05,2.32929467455621e-06,6.11444036697248e-06,3.15347670250896e-06,3.9121862295082e-06,2.65059129304743e-06,FALSE
"RSV_genus525","Weissella","Firmicutes",0.0511566430370709,0.072928740176467,6.64258507462687e-06,6.63333136094675e-06,6.60593864678899e-06,0.000215280979091995,3.21368262295082e-06,3.6789330734243e-06,FALSE
"RSV_genus528","Lactococcus","Firmicutes",0.154699184687957,0.205859544978463,2.63706656716418e-05,1.75462378698225e-05,7.05872356651376e-05,2.5085284348865e-05,0.000292470285245902,3.71375451591943e-05,FALSE
"RSV_genus530","Streptococcus","Firmicutes",6.23584782296572e-05,0.000107536559396041,0.318972560977313,0.333248517290533,0.321741069442087,0.32368595081362,0.322497423982295,0.317054266612086,TRUE
"RSV_genus535","Christensenellaceae R-7 group","Firmicutes",0.390839779202086,0.461901557238829,3.04009492537313e-05,0.000137925212426035,9.00552035550459e-05,4.22358894862604e-05,3.54940773770492e-05,6.2784097465887e-05,FALSE
"RSV_genus538","Clostridium sensu stricto 1","Firmicutes",0.417044563844388,0.482743364997956,4.82962746268657e-06,6.78157928994083e-06,6.37507798165138e-06,3.69534575866189e-05,1.54347291803279e-05,6.64154580896686e-06,FALSE
"RSV_genus555","Defluviitaleaceae UCG-011","Firmicutes",5.66247748750257e-64,4.55694616851397e-63,0.000318773473432836,7.13881940828402e-05,0.000230028791857798,0.000302007430107527,0.000221359315409836,0.000164617917478883,FALSE
"RSV_genus560","Pseudoramibacter","Firmicutes",2.23606336245418e-93,3.4354064386796e-92,9.87723194029851e-05,1.18185644970414e-05,6.9588744266055e-05,9.08241827956989e-05,9.87056137704918e-05,7.90476211825861e-05,FALSE
"RSV_genus561","Anaerococcus","Firmicutes",0.195335770079284,0.250088978359083,4.47890794029851e-05,4.6730924852071e-05,2.79374707568807e-05,4.12162264038232e-05,1.9515366557377e-05,2.2816885640026e-05,FALSE
"RSV_genus562","Ezakiella","Firmicutes",1.86447098308711e-11,4.31637802933865e-11,3.03433594029851e-05,7.98999053254438e-06,2.47000378440367e-05,3.74080716845878e-05,2.63557213114754e-05,1.64879005847953e-05,FALSE
"RSV_genus563","Finegoldia","Firmicutes",0.0253232469048595,0.0375406028677303,1.4561343880597e-05,6.54884053254438e-05,5.28408939220183e-05,1.51158249701314e-05,2.44627606557377e-05,4.84070350877193e-05,FALSE
"RSV_genus566","Murdochiella","Firmicutes",8.00109677647873e-09,1.64900653076208e-08,4.88567528358209e-05,4.79883136094675e-06,2.76623308486238e-05,2.10215734767025e-05,1.1862926557377e-05,1.74217316439246e-05,FALSE
"RSV_genus568","Parvimonas","Firmicutes",1.48824895629847e-47,8.38380245381474e-47,0.00560166771343284,0.00291894831065089,0.00487080250401376,0.00548018487634409,0.00555079155606558,0.00480593354256011,TRUE
"RSV_genus569","Peptoniphilus","Firmicutes",0.000374107559847149,0.000638628056708769,5.11665170149253e-05,2.77758449704142e-05,3.19812178899082e-05,4.04821714456392e-05,3.2617622295082e-05,5.44420188434048e-05,FALSE
"RSV_genus577","Family XIII AD3011 group","Firmicutes",6.09270944517662e-11,1.37289052831313e-10,1.61900202985075e-05,1.40391029585799e-05,2.51213428899083e-05,1.70582449223417e-05,9.00367344262296e-06,2.67544723846654e-05,FALSE
"RSV_genus578","Family XIII UCG-001","Firmicutes",3.09647070381534e-53,2.18043145393663e-52,0.000129068994029851,5.53717171597634e-05,0.000135166799311927,0.000116000747909199,8.52808859016395e-05,6.00726621182587e-05,FALSE
"RSV_genus579","Incertae Sedis","Firmicutes",4.7688723144441e-81,4.74082012435913e-80,0.000721626459701492,0.00020339120295858,0.000537313235665137,0.000675739776583034,0.00053421447147541,0.000265893599090318,FALSE
"RSV_genus580","Mogibacterium","Firmicutes",1.94902396649989e-19,5.39975492358167e-19,0.00267192907940298,0.00194774001420118,0.00240240961009175,0.00268432715531661,0.00272401467278689,0.00274555519038337,FALSE
"RSV_genus582","[Eubacterium] brachy group","Firmicutes",3.28967342410466e-66,2.77977404336844e-65,0.00153761916716418,0.000692285821301776,0.00135464161869266,0.00133049175866189,0.00115533787081967,0.000850522118258609,FALSE
"RSV_genus583","[Eubacterium] nodatum group","Firmicutes",8.04215691416095e-06,1.46142421343355e-05,0.00196789992716418,0.00152257694378698,0.00196188836525229,0.00198320784169653,0.00186438207344262,0.0020089350662768,FALSE
"RSV_genus589","Blautia","Firmicutes",0.116226101786584,0.158404929047844,1.48498764179104e-05,0.000109530980473373,5.78300166284404e-05,7.49564318996416e-05,5.23374163934426e-06,4.40673814165042e-05,FALSE
"RSV_genus591","Butyrivibrio 2","Firmicutes",0.0102805632773304,0.0160871777210077,0.000194840608358209,0.000185365404733728,0.00018746558543578,0.00017312549223417,0.000194264647868852,0.00022955971280052,FALSE
"RSV_genus592","Catonella","Firmicutes",3.29515581833137e-23,9.94430952317859e-23,0.000841127891343285,0.000661830201183432,0.000905670576261468,0.000759400976105137,0.000727680443934427,0.000593387737491878,FALSE
"RSV_genus600","Howardella","Firmicutes",3.90173605350189e-38,1.73524577116268e-37,2.81373468656716e-05,7.220224852071e-06,2.21814541284404e-05,2.65429181600956e-05,2.25327639344262e-05,1.9190400259909e-05,FALSE
"RSV_genus602","Incertae Sedis","Firmicutes",0.797959988349285,0.82733274865662,1.58906585074627e-05,4.2889849704142e-05,7.52480848623853e-06,1.01483327359618e-05,5.48659672131148e-06,2.05025782975958e-05,FALSE
"RSV_genus603","Johnsonella","Firmicutes",9.34849143012257e-16,2.39378038134957e-15,0.000268502654925373,0.000263339588757396,0.000296388345183486,0.000240705527479092,0.00022559063409836,0.00022709201754386,FALSE
"RSV_genus604","Lachnoanaerobaculum","Firmicutes",0.1666533816229,0.220034542923985,0.00231096837313433,0.00239320722071006,0.00227298290538991,0.00222080806332139,0.00242001596393443,0.00261103263222872,FALSE
"RSV_genus605","Lachnoclostridium","Firmicutes",0.932983261971089,0.932983261971089,5.75966805970149e-05,0.000213874838461539,6.78861313073395e-05,6.67100955794504e-05,3.64204386885246e-05,9.75278648473035e-05,FALSE
"RSV_genus609","Lachnospiraceae AC2044 group","Firmicutes",1.67477311371875e-89,2.0216904015605e-88,6.35721379104477e-05,0.000142076941420118,0.000110894441513761,4.23468309438471e-05,1.99554301639344e-05,1.64791039636127e-05,FALSE
"RSV_genus625","Moryella","Firmicutes",6.00229690763752e-23,1.77962838138727e-22,1.88064179104478e-05,1.92021834319527e-06,1.36164799311927e-05,1.85972007168459e-05,1.44626347540984e-05,8.83770110461338e-06,FALSE
"RSV_genus627","Oribacterium","Firmicutes",0.0161473414998305,0.0248081883042851,0.00335274159940299,0.00311817910710059,0.00332589949827981,0.00308386849103943,0.00338599944655738,0.00329271380701754,FALSE
"RSV_genus630","Shuttleworthia","Firmicutes",7.26255708417177e-35,2.66820032005441e-34,0.000230892666268657,0.000116456575739645,0.000264542806192661,0.000188366381123058,0.0001579292,0.000172873178037687,FALSE
"RSV_genus631","Stomatobaculum","Firmicutes",8.83718715993536e-37,3.55591578578351e-36,0.00244000544477612,0.00198868747337278,0.00218838453325688,0.00248362652628435,0.00364954661377049,0.00326681526835607,TRUE
"RSV_genus644","Peptococcus","Firmicutes",1.32324221013305e-45,6.98837292226515e-45,0.000790696080597015,0.000515615576331361,0.000760472541284403,0.00068970272162485,0.000616707788196721,0.000491962817413905,FALSE
"RSV_genus646","Filifactor","Firmicutes",7.68175362793173e-88,8.65477575413642e-87,0.00186822753552239,0.000551681633136095,0.00154848973623853,0.00190669332437276,0.00143600124918033,0.000907609456790122,TRUE
"RSV_genus649","Peptoclostridium","Firmicutes",6.61297433930696e-104,1.34464916069946e-102,0.000339487527761194,0.000295036137869823,0.000412281634174312,0.000285967505973715,0.000229974212459016,0.000143133830409357,FALSE
"RSV_genus650","Peptostreptococcus","Firmicutes",5.00563066920574e-36,1.96732926301342e-35,0.00363425458865672,0.00315140401597632,0.00418410024885321,0.00362445454121864,0.0031574577842623,0.00276045744834308,TRUE
"RSV_genus656","Candidatus Soleaferrea","Firmicutes",0.64420301645738,0.689052593552514,2.04194507462687e-06,9.2044349112426e-06,2.49041341743119e-06,1.03669091995221e-05,1.57803868852459e-06,2.55998700454841e-06,FALSE
"RSV_genus658","Faecalibacterium","Firmicutes",0.0845559793517997,0.117130823856182,8.97113546268657e-05,0.000376573264497041,0.000128188751146789,0.000280701182198327,5.27422747540984e-05,0.000103107352826511,FALSE
"RSV_genus659","Fastidiosipila","Firmicutes",7.08816982243779e-06,1.31637439559559e-05,6.75230626865671e-06,2.0696899408284e-06,7.09757855504587e-06,3.76235304659498e-06,1.02979868852459e-06,7.38738791423002e-06,FALSE
"RSV_genus673","Ruminococcaceae UCG-002","Firmicutes",0.280571186099145,0.348650959196732,4.49820704477612e-05,0.000231162556213018,7.24508767201835e-05,0.000285123754480287,3.05301127868852e-05,6.4083783625731e-05,FALSE
"RSV_genus674","Ruminococcaceae UCG-003","Firmicutes",0.335574276890674,0.408000379816719,4.77780417910448e-06,2.85907485207101e-05,6.49088417431193e-06,3.35626045400239e-06,5.71143540983607e-06,8.10888304093567e-06,FALSE
"RSV_genus683","Ruminococcaceae UCG-014","Firmicutes",0.0149201494893804,0.0231330758138099,0.00161152025671642,0.00172036704556213,0.0015681406668578,0.00158085429330944,0.00147789855016393,0.00171725469330734,FALSE
"RSV_genus684","Ruminococcus 1","Firmicutes",0.0468463538894217,0.0676669556180535,3.7062263880597e-05,0.000117885295266272,6.44721731651376e-06,2.85232508960573e-05,6.58453901639344e-06,3.02818908382066e-05,FALSE
"RSV_genus685","Ruminococcus 2","Firmicutes",0.432334754126557,0.497037914608083,6.08534286567164e-05,0.000244633524852071,0.000138333966743119,8.48425065710872e-05,7.88161278688525e-05,8.84791981806368e-05,FALSE
"RSV_genus687","Subdoligranulum","Firmicutes",0.540857945386024,0.604005930629869,2.20420173134328e-05,0.000121674030769231,4.75833732798165e-05,7.08651642771804e-05,9.49561180327869e-06,2.14521397011046e-05,FALSE
"RSV_genus689","Pelospora","Firmicutes",1.01787638727123e-13,2.49305955722954e-13,4.17858149253731e-06,6.64497041420118e-08,1.39287901376147e-06,5.70535304659498e-06,7.69288721311475e-06,5.66631384015595e-06,FALSE
"RSV_genus698","Bulleidia","Firmicutes",4.49585850149919e-87,4.74875054220852e-86,0.000576336332537315,0.000188090092899408,0.000495971901949541,0.000489664378136201,0.000334544881311475,0.000197573517868746,FALSE
"RSV_genus703","Eggerthia","Firmicutes",1.2687256446e-49,7.65766549776429e-49,0.000165573783880597,4.04455798816568e-05,0.000146988305619266,0.0001318884390681,9.33486629508196e-05,6.22872969460688e-05,FALSE
"RSV_genus708","Erysipelotrichaceae UCG-004","Firmicutes",5.3202750597959e-05,9.26934520727328e-05,2.02103641791045e-06,5.68016568047337e-07,1.15948050458716e-06,1.20307108721625e-06,1.21552131147541e-06,1.60104288499025e-06,FALSE
"RSV_genus709","Erysipelotrichaceae UCG-006","Firmicutes",1.36238168376109e-59,1.00105436763315e-58,8.43622734328358e-05,3.93531112426035e-05,0.000102752004013762,7.22100358422939e-05,4.80989095081967e-05,3.52591098115659e-05,FALSE
"RSV_genus713","Incertae Sedis","Firmicutes",0.54324793760793,0.604005930629869,5.46838029850746e-06,3.96324171597633e-05,4.6780372706422e-06,1.17793261648746e-05,9.67052590163934e-06,1.57643008447044e-05,FALSE
"RSV_genus716","Solobacterium","Firmicutes",0.00689102678434799,0.0110912716814744,0.00291102620298508,0.00309311207396449,0.0031767593027523,0.00276142990800478,0.00295673255540984,0.00312255695646524,FALSE
"RSV_genus722","Phascolarctobacterium","Firmicutes",0.182698133355184,0.23750757336174,1.22089074626866e-05,5.95669420118343e-05,2.09653818807339e-05,2.34025089605735e-05,1.4989313442623e-05,2.66120240415854e-05,FALSE
"RSV_genus726","Anaeroglobus","Firmicutes",2.33560977444179e-71,2.07746343095086e-70,0.000998331145671644,0.000344053886390532,0.000922520598623854,0.000925332751493429,0.000994561730491805,0.00078761955945419,FALSE
"RSV_genus728","Centipeda","Firmicutes",3.62770381156072e-07,7.12885981574141e-07,6.18066579104477e-05,3.65177674556213e-05,6.33078205275229e-05,8.80222765830347e-05,7.0139955409836e-05,2.77645360623782e-05,FALSE
"RSV_genus729","Dialister","Firmicutes",2.51599484657588e-52,1.70081251628529e-51,0.00263501470089552,0.00149530352189349,0.00281677334116972,0.00251783382497013,0.00207038327278688,0.00194599752696556,TRUE
"RSV_genus731","Megasphaera","Firmicutes",1.57992829996235e-09,3.37984661637515e-09,0.00503014373552239,0.00456587088461538,0.00488956620240826,0.0052370921553166,0.00558516466163935,0.00612292392917479,TRUE
"RSV_genus735","Selenomonas","Firmicutes",3.69630768344633e-27,1.17863395943855e-26,0.000829706955820894,0.000386899973372781,0.000709329936926606,0.000766564677419355,0.000692957293114755,0.000591056818713451,FALSE
"RSV_genus736","Selenomonas 3","Firmicutes",0.0235030121102467,0.0351505225365637,0.0016070036322388,0.0014216160331361,0.00150196517889908,0.00153061851612903,0.00152122413442623,0.001387871208577,FALSE
"RSV_genus737","Selenomonas 4","Firmicutes",9.57749024106449e-38,4.15024577112795e-37,0.000119712262089552,4.45627887573965e-05,0.000122481394495413,0.000112337674432497,8.37787960655738e-05,7.26092157244965e-05,FALSE
"RSV_genus740","Veillonella","Firmicutes",3.87094961586794e-05,6.81448421960085e-05,0.0585555801110448,0.0610950916597633,0.0598463463021789,0.0579097524814814,0.0615024311285247,0.062500432205328,TRUE
"RSV_genus742","Fusobacterium","Fusobacteria",1.00406933943281e-11,2.38996786428372e-11,0.0282971668931343,0.025131875291716,0.0292428237517202,0.0282760676804062,0.0269699133816393,0.0246309502664067,TRUE
"RSV_genus746","Leptotrichia","Fusobacteria",4.36161291545667e-07,8.47255842197905e-07,0.0184580769026866,0.0171993488573964,0.0172771462110091,0.0183534905955794,0.0202030351003279,0.0214129132560104,TRUE
"RSV_genus749","Sneathia","Fusobacteria",3.87469678979853e-11,8.84896969562096e-11,4.34814298507463e-05,4.78210384615385e-05,9.04052219036697e-05,9.90941505376344e-05,2.99217121311475e-05,3.62658512020793e-05,FALSE
"RSV_genus750","Streptobacillus","Fusobacteria",1.4529992141264e-130,2.45556867187362e-128,0.000557084433432836,0.00134137090887574,0.00114980643864679,0.000422750416367981,0.000287060049836066,0.000251639478232619,FALSE
"RSV_genus795","Brevundimonas","Proteobacteria",0.620915627317282,0.668374146602679,3.9569623880597e-06,9.9217023668639e-06,4.30736255733945e-05,3.63783602150538e-05,0.000321938682622951,4.60031968810916e-06,FALSE
"RSV_genus819","Bradyrhizobium","Proteobacteria",0.087269445166065,0.119906798642805,9.61891271641791e-05,1.0115650295858e-05,1.7283318233945e-05,4.33218978494624e-05,7.66637855737705e-05,2.83290480831709e-05,FALSE
"RSV_genus846","Methylobacterium","Proteobacteria",0.308529587374482,0.377836958451358,4.61078047761194e-05,7.54598934911243e-05,3.83339466743119e-05,0.000129311178016726,0.000100729845245902,8.83303482781027e-05,FALSE
"RSV_genus895","Paracocccus","Proteobacteria",0.88797566621053,0.898610105326824,8.66744656716418e-06,6.80117455621302e-06,1.15083870412844e-05,0.000118238651732378,0.000475730287213115,2.91631338531514e-05,FALSE
"RSV_genus960","Porphyrobacter","Proteobacteria",0.129548094146831,0.175149023286516,4.50668119402985e-06,4.35920828402367e-06,2.07229128440367e-06,1.6927353046595e-05,8.8532393442623e-06,2.15557374918778e-06,FALSE
"RSV_genus964","Blastomonas","Proteobacteria",0.499298755620946,0.562543264666266,1.34776835820896e-05,1.60584106508876e-05,1.57073176605505e-05,3.48466493428913e-05,1.88020445901639e-05,1.26749109811566e-05,FALSE
"RSV_genus969","Sphingobium","Proteobacteria",0.154185366971295,0.205859544978463,3.22062686567164e-06,1.61531479289941e-06,3.07437339449541e-05,6.42300238948626e-06,2.25597639344262e-05,1.07137050032489e-05,FALSE
"RSV_genus971","Sphingomonas","Proteobacteria",0.882485233065422,0.898610105326824,7.27964764179105e-05,4.48760047337278e-05,6.09926513761468e-05,8.88825931899641e-05,0.000138136850491803,0.000123377332683561,FALSE
"RSV_genus990","Sutterella","Proteobacteria",0.67770202032067,0.715822758963708,5.63490507462686e-06,1.72763071005917e-05,2.98461811926606e-06,2.59342831541219e-06,3.06923868852459e-06,8.97324171539961e-06,FALSE
"RSV_genus991","Burkholderia","Proteobacteria",1.14013871950102e-05,2.04982386803907e-05,7.69841014925373e-06,7.00907810650887e-06,0.000158852658830275,0.000212979660692951,7.18709416393442e-05,2.41363742690058e-06,FALSE
"RSV_genus993","Lautropia","Proteobacteria",2.66353883360097e-105,6.43054375540805e-104,0.00130831874865672,0.0020608620260355,0.0016027198428899,0.00114105012305854,0.00113432052918033,0.00099515993437297,FALSE
"RSV_genus998","Ralstonia","Proteobacteria",9.37777118108092e-12,2.26406189943239e-11,0.000659260602985075,0.000105015518343195,9.35360315366972e-05,0.000161052105734767,0.000440300426229508,0.000114366844054581,FALSE
"RSV_genus1007","Curvibacter","Proteobacteria",1.79651347720663e-11,4.21681635622112e-11,3.31757373134328e-05,4.39577591715976e-05,3.94273142201835e-05,2.84898769414576e-05,1.94733062295082e-05,2.44663534762833e-05,FALSE
"RSV_genus1017","Ottowia","Proteobacteria",0.210184700584569,0.265083689543226,0.000375333288955224,0.000270723578106509,0.000317480005160551,0.000397013520310633,0.000394769355409836,0.000338668150097466,FALSE
"RSV_genus1018","Pelomonas","Proteobacteria",0.0366300735961515,0.0533662279116345,0.000394363085970149,3.20118201183432e-05,4.99637792431193e-05,0.000102805554360812,0.000302726113442623,5.23729486679662e-05,FALSE
"RSV_genus1032","Xenophilus","Proteobacteria",0.665395695997879,0.707244481909695,3.2232352238806e-06,7.83184674556213e-06,3.27278325688073e-06,2.42714994026284e-06,7.60396393442623e-06,2.461738791423e-06,FALSE
"RSV_genus1040","Massilia","Proteobacteria",0.307505306127777,0.377836958451358,5.5278847761194e-06,4.7830649112426e-05,6.85962901376147e-06,1.03571863799283e-05,1.567376e-05,1.53078297595841e-06,FALSE
"RSV_genus1054","Alysiella","Proteobacteria",5.10284245881928e-08,1.02664330421483e-07,0.000101887771343284,6.52420065088758e-05,7.72756943807339e-05,7.7405756869773e-05,5.97084518032787e-05,6.31906608187135e-05,FALSE
"RSV_genus1058","Conchiformibius","Proteobacteria",0.580303318240584,0.628661928093966,7.95354328358209e-06,1.25989893491124e-05,5.26954701834862e-06,6.29315651135006e-06,6.32572655737705e-06,2.01303268356075e-05,FALSE
"RSV_genus1060","Eikenella","Proteobacteria",7.82460559266675e-06,1.43734602734857e-05,0.000297326725373135,0.000190934534319527,0.000200779825688073,0.000203956810035842,0.000231397980327869,0.000176495115659519,FALSE
"RSV_genus1061","Kingella","Proteobacteria",3.44291239702046e-08,7.01026741080069e-08,0.000580756268059702,0.000531625021893492,0.000515334547018349,0.000658889120669056,0.000609544204590162,0.000545983196881091,FALSE
"RSV_genus1063","Neisseria","Proteobacteria",3.17410044865192e-18,8.51465040987577e-18,0.0233422062119403,0.0280383971420118,0.0248334619294725,0.0248823335340501,0.0273874295495082,0.0302331331786874,TRUE
"RSV_genus1064","Simonsiella","Proteobacteria",1.15328102993465e-37,4.8726123514739e-37,7.07894871641791e-05,7.25551307692308e-05,7.86045263761468e-05,3.0540541218638e-05,1.73221586885246e-05,1.56366192332684e-05,FALSE
"RSV_genus1076","Dechloromonas","Proteobacteria",0.726178145761015,0.757556213787726,3.37507188059701e-05,0.000109928781065089,3.67129030963303e-05,0.00012503873297491,9.09404059016393e-05,9.31425789473684e-05,FALSE
"RSV_genus1079","Propionivibrio","Proteobacteria",0.00854329386792211,0.0136209119214985,2.54501134328358e-06,2.82332485207101e-06,2.67726834862385e-06,2.89050537634409e-06,1.24248590163934e-06,1.19621832358674e-06,FALSE
"RSV_genus1082","Zoogloea","Proteobacteria",0.436142374568515,0.498027441230264,5.36625671641791e-06,2.84677692307692e-06,1.64169449541284e-05,2.18718637992832e-06,4.82749180327869e-06,6.10315139701105e-06,FALSE
"RSV_genus1090","Desulfobulbus","Proteobacteria",2.00830002371307e-79,1.8855705778195e-78,0.00013160568,1.98278390532544e-05,7.55374030963303e-05,0.000138761364396655,0.000126645780983607,8.96469077322936e-05,FALSE
"RSV_genus1095","Desulfomicrobium","Proteobacteria",1.590226303793e-27,5.16823548732724e-27,3.10642292537313e-05,1.35136822485207e-05,1.08401811926606e-05,4.29412066905615e-05,5.51475390163934e-05,5.28060012995451e-05,FALSE
"RSV_genus1096","Bilophila","Proteobacteria",0.399771815940792,0.465940944096509,7.40727940298507e-06,1.06076763313609e-05,1.32885871559633e-05,3.04718518518519e-05,9.04957508196721e-06,1.03822332683561e-05,FALSE
"RSV_genus1097","Desulfovibrio","Proteobacteria",5.32446333791498e-18,1.40599110016817e-17,2.81717056716418e-05,9.43938165680473e-06,2.07612884174312e-05,2.93580806451613e-05,2.25046393442623e-05,2.06409051332034e-05,FALSE
"RSV_genus1133","Campylobacter","Proteobacteria",2.56631267836602e-19,6.9952716555461e-19,0.00524103158447761,0.00388013179112426,0.00508000606192661,0.00494072622939068,0.00463007220983608,0.00420496840805718,TRUE
"RSV_genus1137","Rs-M59 termite group","Proteobacteria",7.12223770971269e-16,1.8517818045253e-15,1.51980889552239e-05,5.6666798816568e-06,1.82519862385321e-05,9.48309677419355e-06,3.50366098360656e-06,7.4588758934373e-07,FALSE
"RSV_genus1139","Wolinella","Proteobacteria",8.51186586613852e-33,3.06064964122853e-32,2.11792250746269e-05,5.07215088757397e-06,2.0859690940367e-05,1.46931839904421e-05,9.77212590163934e-06,4.43040220922677e-06,FALSE
"RSV_genus1161","Cardiobacterium","Proteobacteria",2.80480133540322e-06,5.26679361870161e-06,0.00104345642268657,0.000502236922485207,0.000450250564793578,0.000472182695340502,0.000498622190163933,0.00050016588174139,FALSE
"RSV_genus1181","Escherichia/Shigella","Proteobacteria",0.175203243498742,0.229529830630135,0.000293247417313433,0.00087998514556213,0.000425583219036698,0.00118424888709677,0.00029697148852459,0.000362261846653671,FALSE
"RSV_genus1188","Pantoea","Proteobacteria",0.000830368042449823,0.00138942771459426,1.31093820895522e-05,2.23934603550296e-05,2.70183681192661e-05,2.53643870967742e-05,0.000303884163278688,7.68419818063678e-06,FALSE
"RSV_genus1198","Yersinia","Proteobacteria",0.0513521898283998,0.072928740176467,6.87578465671642e-05,6.63664343195266e-05,6.29673302752293e-05,9.23182712066905e-05,7.37690767213115e-05,4.82980890188434e-05,FALSE
"RSV_genus1228","Actinobacillus","Proteobacteria",6.93582551837815e-119,2.93038628151477e-117,0.00547640666388059,0.00727202465621302,0.00573214268577982,0.00422544875925927,0.00392894075213115,0.00418774853021443,TRUE
"RSV_genus1229","Aggregatibacter","Proteobacteria",3.64267437891004e-20,1.02601995005966e-19,0.00492854127044776,0.0056229678366864,0.00618296323451836,0.00592104293847072,0.00548126908590165,0.00533262338921377,TRUE
"RSV_genus1233","Haemophilus","Proteobacteria",3.55912527816625e-30,1.22753504491856e-29,0.0576347428979105,0.0640227744644971,0.0587538295372707,0.0535665026451613,0.0534540426360656,0.0507067149181287,TRUE
"RSV_genus1234","Mannheimia","Proteobacteria",1.81118514406481e-37,7.46561681334031e-37,0.0012530955480597,0.00191417732426036,0.00147405670986239,0.00109468081899642,0.00112174784459016,0.00113679657959714,FALSE
"RSV_genus1238","Acinetobacter","Proteobacteria",0.562353933971192,0.613147192523429,0.00024995575761194,0.00112758763905325,0.000484856766055046,0.000217013478494624,0.000691006550819672,0.000409341751137102,FALSE
"RSV_genus1241","Moraxella","Proteobacteria",7.79617307937734e-36,2.99443920548812e-35,0.000143869215522388,0.000603005879881657,0.000348698870412844,0.000182929141577061,0.00027770463147541,0.000213249109161793,FALSE
"RSV_genus1246","Azomonas","Proteobacteria",0.55811658309809,0.612478587945307,0.00021234671641791,8.0085124260355e-06,2.76796657110092e-05,6.85539605734767e-06,9.58952918032787e-06,6.59233008447044e-06,FALSE
"RSV_genus1248","Pseudomonas","Proteobacteria",0.340604857079569,0.411158720331765,0.00014012372119403,0.000301721526627219,0.000331680275229358,0.000736740381123058,0.000572640299016393,0.00112601794996751,FALSE
"RSV_genus1257","Aliivibrio","Proteobacteria",0.902049189255075,0.907418529667308,1.10254280597015e-05,3.96765396449704e-05,2.63764243119266e-05,7.38389665471924e-06,1.13010170491803e-05,6.14292917478882e-05,FALSE
"RSV_genus1282","Stenotrophomonas","Proteobacteria",0.189326344990598,0.244245437430619,0.000134623507462687,0.000335204901775148,0.000101891978784404,8.85195824372761e-05,0.000210905060327869,0.0007961446777128,FALSE
"RSV_genus1285","Xanthomonas","Proteobacteria",0.000817341315234811,0.00138130682274683,1.79055432835821e-05,4.10595473372781e-05,1.08895946100917e-05,1.43358536439665e-05,6.76443147540984e-06,7.2286114359974e-06,FALSE
"RSV_genus1299","Candidatus Saccharimonas","Saccharibacteria",0.0357500034884196,0.0525369616481992,4.39180077611941e-05,4.42650668639053e-05,4.08240263761468e-05,3.87678578255675e-05,4.03474472131147e-05,3.95269584145549e-05,FALSE
"RSV_genus1307","Treponema 2","Spirochaetae",4.01146614753251e-93,5.64948149110829e-92,0.00603218333791045,0.00190659629704142,0.00492105176720183,0.00547010774850657,0.00395230992983606,0.00284160187329435,TRUE
"RSV_genus1309","Fretibacterium","Synergistetes",4.9590517000294e-119,2.7935991243499e-117,0.000746301368955224,0.000183272218343195,0.000568059673165138,0.000722173139187574,0.00059197768590164,0.000360984812215724,FALSE
"RSV_genus1311","Pyramidobacter","Synergistetes",8.320297257258e-44,4.13567716610765e-43,1.3828703880597e-05,3.03956804733728e-07,3.90689105504587e-06,1.27924814814815e-05,2.41774170491803e-05,3.12042949967511e-05,FALSE
"RSV_genus1314","Acholeplasma","Tenericutes",7.98441430263084e-24,2.45339275844475e-23,0.000297831635223881,3.9697024852071e-05,0.000313304027522936,0.000352860089008363,0.000161731879344262,6.62483918128655e-05,FALSE
"RSV_genus1322","Mycoplasma","Tenericutes",1.2812537513995e-95,2.16531883986515e-94,0.000765545429253732,0.00023492043076923,0.000626933225344036,0.000847746489844683,0.000647935675409836,0.000422845653021443,FALSE
"RSV_genus1333","Opitutus","Verrucomicrobia",0.463283264854876,0.525468937989759,3.80963582089552e-07,2.24398639053254e-06,1.19505183486239e-05,1.94750955794504e-06,2.09134360655738e-06,3.52858479532164e-06,FALSE
"RSV_genus1344","Akkermansia","Verrucomicrobia",0.360704758758357,0.43187641800594,5.46649462686567e-05,0.000194633618934912,0.000153587402522936,8.895477479092e-05,3.96814432786885e-05,0.000134440333983106,FALSE
